575	38	93	9	55	77	181	0	0	0	2	0	0	0	0	0	1	0	1	0	0	0	0	4	10	0	0	0	1	0	0	0	0	0	1	0	0	0	6	0	0	0	0	0	0	0	0	4	0	0	3	0	0	9	0	0	0	0	0	0	0	0	2	0	0	0	0	0	0	10	0	0	0	1	0	1	0	10	13	0	0	1	0	0	6	15	0	10	0	0	1	0	0
38	535	33	92	10	16	20	15	5	25	0	0	0	3	0	2	0	5	0	11	0	6	6	0	0	9	4	0	0	0	8	0	0	0	0	2	0	0	0	0	0	0	2	0	0	0	0	0	0	0	0	8	1	0	3	2	5	1	6	1	7	1	3	16	0	0	21	0	0	0	18	6	0	0	24	24	0	0	0	13	0	0	7	0	2	0	0	0	13	0	0	13	1
93	33	549	24	98	70	70	0	0	0	6	8	5	0	0	0	4	0	0	0	0	0	0	7	0	0	0	4	1	0	0	0	18	0	8	0	0	1	10	0	0	3	0	0	1	1	1	0	0	0	8	0	0	4	0	0	0	0	0	0	0	0	0	0	1	0	0	14	8	0	0	0	0	10	0	0	8	0	0	0	0	1	0	0	3	1	5	0	0	0	5	0	0
9	92	24	510	19	15	20	7	8	6	0	0	0	24	0	0	0	7	0	0	6	0	5	0	0	7	8	0	0	0	6	2	0	9	0	9	3	0	1	0	0	0	2	26	0	0	0	1	0	4	0	3	9	0	0	0	0	8	0	2	0	8	0	16	0	0	17	0	0	0	0	0	10	0	1	16	0	0	0	17	21	0	0	0	0	0	0	0	9	0	0	0	0
55	10	98	19	541	101	86	0	0	0	13	8	22	0	8	0	0	0	0	0	0	0	0	0	9	0	0	0	0	8	0	0	1	0	0	0	0	3	0	1	3	1	0	0	1	0	0	0	0	0	0	0	0	0	0	0	0	0	0	0	0	0	0	0	0	17	0	9	3	1	0	0	0	0	0	0	4	1	3	0	0	3	0	0	5	5	0	0	0	1	0	0	0
77	16	70	15	101	579	112	0	0	0	5	8	1	0	5	0	4	0	0	0	0	0	0	0	2	0	0	5	1	2	0	0	7	0	3	0	0	4	4	4	5	0	0	0	0	3	6	2	1	0	0	0	0	2	0	0	0	0	0	1	0	0	1	0	4	5	0	3	1	0	0	0	0	0	0	0	5	4	9	0	0	6	0	0	3	8	0	0	0	0	10	0	0
181	20	70	20	86	112	549	0	0	0	4	6	3	0	7	0	0	0	0	0	0	0	0	0	1	0	0	0	7	3	0	0	4	0	4	0	0	8	0	0	0	0	0	0	2	7	5	1	6	0	0	0	0	9	0	0	0	0	1	0	0	0	0	0	0	14	0	4	1	8	0	0	0	11	0	0	3	11	10	0	0	0	0	0	0	8	12	0	0	0	5	0	0
0	15	0	7	0	0	0	481	161	91	12	14	21	152	0	4	0	1	0	1	2	15	0	0	0	1	0	0	0	0	8	5	0	0	0	10	0	0	0	0	0	0	13	4	0	0	0	0	0	10	0	7	0	0	1	0	0	0	0	6	8	5	0	7	0	0	9	0	0	0	0	8	15	0	7	1	0	0	0	1	6	0	14	0	0	0	0	0	0	0	0	0	0
0	5	0	8	0	0	0	161	451	94	10	24	27	82	0	1	0	13	0	18	4	1	0	0	0	0	12	0	0	0	2	11	0	13	0	13	1	0	0	0	0	0	14	6	0	0	0	0	0	9	0	0	0	0	0	0	4	5	2	0	3	1	6	5	0	0	7	1	0	0	0	3	8	0	7	6	0	0	0	5	7	0	4	0	0	0	0	0	25	0	0	7	0
0	25	0	6	0	0	0	91	94	476	21	15	16	67	0	4	0	0	0	2	11	0	3	0	0	0	3	0	0	0	12	12	0	8	0	9	6	0	0	0	0	0	4	7	0	1	0	0	0	0	0	0	3	0	6	5	0	0	0	4	0	4	2	5	0	0	2	0	0	0	12	0	4	0	26	18	0	0	0	19	0	0	4	0	0	0	0	0	1	0	0	14	0
2	0	6	0	13	5	4	12	10	21	535	191	101	19	5	0	1	0	1	0	0	0	0	7	17	0	0	8	1	2	0	0	7	0	10	0	0	0	0	6	3	9	0	0	0	1	0	0	2	0	2	0	0	5	0	0	0	0	0	0	3	0	0	0	4	3	0	5	15	15	0	0	0	31	0	0	0	12	4	0	0	2	0	0	11	13	4	7	0	2	14	0	9
0	0	8	0	8	8	6	14	24	15	191	516	96	17	13	0	20	0	7	0	0	0	0	0	0	0	0	5	6	3	0	0	28	0	34	0	0	6	16	0	25	11	0	0	3	0	5	0	0	0	18	0	0	9	0	0	0	0	0	0	0	1	0	0	0	7	0	0	4	25	0	0	0	45	0	0	7	14	8	0	0	8	0	8	14	3	0	0	0	0	17	0	1
0	0	5	0	22	1	3	21	27	16	101	96	593	31	11	0	18	0	8	0	0	0	0	8	13	0	0	13	1	7	0	1	4	0	35	0	0	4	2	6	1	9	0	0	10	0	0	1	22	0	5	0	0	18	0	0	0	0	0	0	0	0	0	0	1	13	0	0	0	5	0	0	0	26	0	0	2	4	5	0	0	7	0	0	0	0	0	12	0	1	16	0	1
0	3	0	24	0	0	0	152	82	67	19	17	31	584	0	11	0	2	0	1	1	1	1	0	0	3	1	0	0	0	3	6	0	1	0	0	23	0	0	0	0	0	16	9	0	0	0	0	0	1	0	1	0	0	0	0	9	7	2	1	0	0	1	0	0	0	9	0	0	0	4	1	14	0	0	6	0	0	0	4	6	0	4	0	0	0	0	0	7	0	0	14	0
0	0	0	0	8	5	7	0	0	0	5	13	11	0	545	25	88	17	108	32	0	0	0	0	4	0	0	0	0	5	0	0	23	0	1	0	0	2	10	10	1	1	0	0	0	0	0	6	11	0	13	0	0	4	0	0	0	1	0	1	0	0	0	0	10	2	0	6	0	6	0	0	0	0	0	0	0	0	2	0	0	5	0	11	6	0	0	13	0	1	12	1	0
0	2	0	0	0	0	0	4	1	4	0	0	0	11	25	408	19	95	20	97	6	0	0	0	0	5	0	0	0	0	1	6	0	1	0	5	4	0	0	0	0	0	0	2	0	0	0	0	0	10	0	3	0	0	0	4	8	0	14	0	3	1	1	1	0	0	0	0	0	0	0	1	12	0	25	4	0	0	0	0	4	0	4	0	0	1	0	0	10	0	0	18	0
1	0	4	0	0	4	0	0	0	0	1	20	18	0	88	19	588	29	102	17	0	0	1	0	2	0	0	0	6	3	0	0	3	0	12	0	0	10	8	12	7	11	0	0	0	7	0	0	1	0	1	0	0	8	0	0	0	0	0	0	0	0	0	1	0	0	0	5	0	0	0	0	0	5	0	0	0	1	12	0	0	9	0	5	11	4	1	18	0	0	12	0	0
0	5	0	7	0	0	0	1	13	0	0	0	0	2	17	95	29	514	25	79	9	9	9	0	0	10	11	0	0	0	5	2	0	5	0	15	9	0	0	0	0	0	0	5	0	0	0	0	0	3	0	3	0	0	0	0	3	2	1	3	0	1	16	11	0	0	1	0	0	0	0	0	0	0	12	13	0	0	0	0	0	0	0	0	0	0	0	0	0	0	0	14	0
1	0	0	0	0	0	0	0	0	0	1	7	8	0	108	20	102	25	458	31	0	0	0	4	5	0	0	3	6	10	0	0	4	0	26	0	0	13	11	5	2	0	0	0	0	1	1	0	4	0	3	0	0	5	0	0	0	1	0	1	0	1	0	0	0	0	0	2	5	0	0	0	1	8	0	0	9	0	0	0	0	0	0	0	2	11	0	3	0	0	9	0	0
0	11	0	0	0	0	0	1	18	2	0	0	0	1	32	97	17	79	31	553	6	5	16	0	0	32	11	0	0	0	10	0	0	6	0	20	12	0	0	1	0	0	6	0	0	0	1	0	0	7	0	6	0	0	1	0	0	2	0	0	4	0	0	8	0	0	1	0	0	0	6	0	1	0	0	1	0	0	0	7	11	0	4	0	0	0	0	0	6	0	0	13	0
0	0	0	6	0	0	0	2	4	11	0	0	0	1	0	6	0	9	0	6	552	125	113	21	37	13	9	0	0	0	4	1	0	3	0	5	2	0	0	0	0	0	21	10	0	0	0	0	0	6	0	7	0	0	0	0	7	1	12	0	2	1	5	4	0	0	0	0	0	0	9	0	22	0	0	0	0	0	0	6	1	0	0	0	0	0	0	0	17	0	0	10	0
0	6	0	0	0	0	0	15	1	0	0	0	0	1	0	0	0	9	0	5	125	495	95	16	25	17	10	0	0	0	0	0	0	6	0	1	0	0	0	0	0	0	0	0	0	0	0	0	0	13	0	8	1	0	0	0	0	1	5	0	1	0	1	0	0	0	0	0	0	0	0	0	2	0	1	6	0	0	0	6	5	0	6	0	0	0	0	0	1	0	0	5	0
0	6	0	5	0	0	0	0	0	3	0	0	0	1	0	0	1	9	0	16	113	95	544	42	22	4	6	0	0	0	0	2	0	7	0	15	16	0	0	0	0	0	5	3	0	0	0	0	0	13	0	6	4	0	0	0	0	0	1	0	0	0	0	5	0	0	1	1	0	0	5	0	0	0	2	3	0	0	0	0	0	0	2	0	0	0	0	0	16	0	0	0	0
4	0	7	0	0	0	0	0	0	0	7	0	8	0	0	0	0	0	4	0	21	16	42	581	126	0	0	21	1	26	0	0	8	0	14	0	0	4	14	10	1	0	0	0	0	8	0	0	0	0	2	0	0	8	0	0	0	0	1	0	0	0	0	0	0	2	0	11	1	12	0	0	0	9	0	0	0	2	9	0	0	11	0	18	0	4	6	0	0	1	5	0	0
10	0	0	0	9	2	1	0	0	0	17	0	13	0	4	0	2	0	5	0	37	25	22	126	501	0	0	7	23	12	0	0	12	0	5	0	0	1	0	1	1	3	0	0	6	1	0	14	14	0	9	0	0	11	0	0	0	0	1	1	0	0	0	0	6	2	0	0	0	9	0	0	0	13	0	0	0	1	0	0	0	3	0	16	0	0	0	2	0	0	0	0	4
0	9	0	7	0	0	0	1	0	0	0	0	0	3	0	5	0	10	0	32	13	17	4	0	0	500	115	20	32	42	5	4	0	7	0	18	7	0	0	0	0	0	6	1	0	0	0	0	0	16	0	21	0	0	0	0	0	0	1	4	1	0	0	6	0	0	7	0	0	0	2	2	1	0	6	2	0	0	0	0	0	0	17	0	0	0	0	0	6	0	1	0	0
0	4	0	8	0	0	0	0	12	3	0	0	0	1	0	0	0	11	0	11	9	10	6	0	0	115	545	22	23	20	1	10	0	0	0	4	1	0	0	0	0	0	1	5	0	0	0	0	0	22	0	43	0	0	6	1	3	0	2	1	12	0	1	0	0	0	0	0	0	0	1	12	11	0	11	8	0	0	0	0	0	0	3	0	0	0	0	0	6	0	0	17	0
0	0	4	0	0	5	0	0	0	0	8	5	13	0	0	0	0	0	3	0	0	0	0	21	7	20	22	521	123	131	0	0	10	0	9	0	0	0	9	0	3	8	0	0	0	5	0	0	27	0	34	0	0	2	0	0	0	0	0	0	0	0	0	0	1	4	0	1	0	27	0	0	0	4	0	0	0	0	0	0	0	5	0	6	1	4	11	3	0	10	10	0	0
1	0	1	0	0	1	7	0	0	0	1	6	1	0	0	0	6	0	6	0	0	0	0	1	23	32	23	123	763	118	0	0	17	0	10	0	0	0	0	3	0	2	0	0	0	0	0	1	22	0	13	0	0	0	0	0	0	0	0	0	0	1	0	0	2	5	0	0	7	9	0	0	0	12	0	0	0	0	1	0	0	6	0	4	0	0	0	6	0	0	2	0	1
0	0	0	0	8	2	3	0	0	0	2	3	7	0	5	0	3	0	10	0	0	0	0	26	12	42	20	131	118	650	0	0	7	0	0	0	0	0	6	4	0	15	0	0	0	0	0	0	28	0	27	0	0	4	1	0	0	1	0	0	0	0	0	0	0	0	0	6	4	10	0	0	0	6	0	0	10	0	0	0	0	3	0	6	0	3	0	9	0	0	9	0	0
0	8	0	6	0	0	0	8	2	12	0	0	0	3	0	1	0	5	0	10	4	0	0	0	0	5	1	0	0	0	479	162	15	130	39	16	0	0	0	0	0	0	4	9	0	1	0	0	0	7	0	3	0	0	0	0	0	0	0	0	10	5	1	15	0	0	0	0	0	0	0	0	7	0	6	1	1	0	0	3	6	0	13	0	1	0	0	0	3	0	0	0	0
0	0	0	2	0	0	0	5	11	12	0	0	1	6	0	6	0	2	0	0	1	0	2	0	0	4	10	0	0	0	162	617	24	118	28	7	0	0	0	0	0	0	4	1	0	0	0	0	0	1	0	5	4	0	0	2	1	1	0	0	6	8	14	0	0	0	14	0	0	0	6	7	34	0	9	0	0	0	0	0	19	0	0	0	0	0	1	1	24	0	0	7	0
0	0	18	0	1	7	4	0	0	0	7	28	4	0	23	0	3	0	4	0	0	0	0	8	12	0	0	10	17	7	15	24	514	33	122	0	0	14	18	0	4	3	0	0	0	0	1	6	12	0	9	0	0	0	0	1	1	1	0	0	0	1	0	0	3	3	0	0	8	3	0	0	0	17	0	0	3	0	5	0	0	8	0	3	4	0	0	9	0	8	8	0	4
0	0	0	9	0	0	0	0	13	8	0	0	0	1	0	1	0	5	0	6	3	6	7	0	0	7	0	0	0	0	130	118	33	575	21	0	0	0	0	0	0	0	5	12	0	0	0	0	0	12	0	0	0	0	3	3	0	4	0	1	2	4	0	0	0	0	0	0	0	0	1	1	8	0	9	0	0	0	0	0	5	0	5	0	0	0	0	0	8	0	0	4	0
1	0	8	0	0	3	4	0	0	0	10	34	35	0	1	0	12	0	26	0	0	0	0	14	5	0	0	9	10	0	39	28	122	21	433	0	0	0	6	0	16	4	0	0	0	0	7	6	8	0	17	0	0	13	0	0	0	0	0	1	1	1	1	0	0	6	0	0	10	28	0	0	0	34	0	0	6	0	5	0	0	19	0	1	9	0	6	3	0	7	7	0	1
0	2	0	9	0	0	0	10	13	9	0	0	0	0	0	5	0	15	0	20	5	1	15	0	0	18	4	0	0	0	16	7	0	0	0	612	140	28	26	33	0	0	11	1	0	1	0	0	0	0	0	20	4	0	0	11	16	4	21	6	0	0	2	15	0	0	2	0	1	0	0	5	6	0	9	1	0	0	0	0	0	0	10	0	0	1	0	0	11	0	0	0	0
0	0	0	3	0	0	0	0	1	6	0	0	0	23	0	4	0	9	0	12	2	0	16	0	0	7	1	0	0	0	0	0	0	0	0	140	531	32	29	27	0	0	10	11	0	1	0	0	0	4	0	0	1	0	0	4	20	20	5	8	1	6	0	4	0	0	7	0	0	0	1	0	0	0	16	2	0	0	0	0	4	0	6	0	0	0	0	0	5	0	0	9	0
0	0	1	0	3	4	8	0	0	0	0	6	4	0	2	0	10	0	13	0	0	0	0	4	1	0	0	0	0	0	0	0	14	0	0	28	32	620	101	102	0	9	0	0	2	0	0	0	3	0	0	0	0	6	0	0	0	1	0	3	0	0	0	0	6	4	0	6	0	0	0	0	0	11	0	0	3	0	0	0	0	0	0	0	8	5	0	0	0	0	12	0	2
6	0	10	1	0	4	0	0	0	0	0	16	2	0	10	0	8	0	11	0	0	0	0	14	0	0	0	9	0	6	0	0	18	0	6	26	29	101	674	153	0	6	0	0	0	0	0	0	5	0	0	0	0	0	0	0	1	0	0	2	0	0	0	1	7	2	0	8	0	0	0	0	0	15	0	0	1	3	3	0	0	2	0	12	0	1	6	1	0	0	8	0	1
0	0	0	0	1	4	0	0	0	0	6	0	6	0	10	0	12	0	5	1	0	0	0	10	1	0	0	0	3	4	0	0	0	0	0	33	27	102	153	514	2	0	0	0	1	0	1	0	5	0	0	0	0	12	0	0	0	2	0	0	0	0	1	0	6	0	0	5	9	7	0	0	0	3	0	0	0	6	2	0	0	0	0	4	1	4	1	0	0	2	10	0	0
0	0	0	0	3	5	0	0	0	0	3	25	1	0	1	0	7	0	2	0	0	0	0	1	1	0	0	3	0	0	0	0	4	0	16	0	0	0	0	2	586	144	36	41	8	10	1	14	5	0	7	0	0	0	0	0	0	0	1	0	0	0	0	0	4	1	0	1	6	3	0	0	0	5	0	0	3	6	5	0	0	8	0	0	2	5	0	8	0	7	16	0	0
0	0	3	0	1	0	0	0	0	0	9	11	9	0	1	0	11	0	0	0	0	0	0	0	3	0	0	8	2	15	0	0	3	0	4	0	0	9	6	0	144	722	46	21	6	1	7	4	3	0	0	0	0	8	0	0	0	0	1	1	0	0	0	0	1	4	0	5	2	2	0	0	0	16	0	0	0	0	23	1	0	1	0	0	6	4	7	15	0	0	0	0	7
0	2	0	2	0	0	0	13	14	4	0	0	0	16	0	0	0	0	0	6	21	0	5	0	0	6	1	0	0	0	4	4	0	5	0	11	10	0	0	0	36	46	640	157	0	0	0	0	0	0	0	0	4	0	3	0	0	0	1	0	0	4	8	4	1	0	7	0	0	0	0	0	8	0	11	8	0	0	0	14	4	0	0	0	0	0	0	0	21	0	0	1	1
0	0	0	26	0	0	0	4	6	7	0	0	0	9	0	2	0	5	0	0	10	0	3	0	0	1	5	0	0	0	9	1	0	12	0	1	11	0	0	0	41	21	157	708	0	0	0	0	0	4	0	0	1	0	1	0	1	13	0	4	0	0	7	9	0	0	17	0	0	0	1	3	6	0	3	7	0	0	0	27	0	0	2	0	0	0	0	0	6	0	0	9	0
0	0	1	0	1	0	2	0	0	0	0	3	10	0	0	0	0	0	0	0	0	0	0	0	6	0	0	0	0	0	0	0	0	0	0	0	0	2	0	1	8	6	0	0	643	176	143	192	0	0	0	0	0	4	0	0	0	0	0	0	0	0	0	1	0	5	0	4	0	0	0	0	0	0	1	1	2	2	4	0	0	0	0	2	0	9	2	0	0	3	0	0	12
0	0	1	0	0	3	7	0	0	1	1	0	0	0	0	0	7	0	1	0	0	0	0	8	1	0	0	5	0	0	1	0	0	0	0	1	1	0	0	0	10	1	0	0	176	575	140	128	0	0	0	0	1	0	0	0	0	0	0	0	0	0	0	0	10	0	0	1	7	5	0	0	0	7	0	0	0	0	6	0	1	5	0	0	4	6	2	1	0	2	4	0	2
0	0	1	0	0	6	5	0	0	0	0	5	0	0	0	0	0	0	1	1	0	0	0	0	0	0	0	0	0	0	0	0	1	0	7	0	0	0	0	1	1	7	0	0	143	140	610	146	0	2	5	0	0	14	0	1	2	0	0	1	0	1	0	0	6	0	0	0	4	1	0	0	0	1	0	1	0	0	11	0	0	1	0	0	6	4	5	5	1	5	0	0	1
4	0	0	1	0	2	1	0	0	0	0	0	1	0	6	0	0	0	0	0	0	0	0	0	14	0	0	0	1	0	0	0	6	0	6	0	0	0	0	0	14	4	0	0	192	128	146	499	1	0	5	0	0	8	0	0	0	1	0	0	0	0	0	0	0	7	0	0	0	2	0	0	0	5	0	2	0	0	1	0	0	0	0	6	0	5	12	16	1	1	6	0	0
0	0	0	0	0	1	6	0	0	0	2	0	22	0	11	0	1	0	4	0	0	0	0	0	14	0	0	27	22	28	0	0	12	0	8	0	0	3	5	5	5	3	0	0	0	0	0	1	649	43	143	34	0	4	0	0	0	0	0	1	0	0	0	0	0	1	0	0	5	14	0	0	0	21	0	0	7	0	9	0	0	13	0	0	0	0	0	7	0	2	19	0	9
0	0	0	4	0	0	0	10	9	0	0	0	0	1	0	10	0	3	0	7	6	13	13	0	0	16	22	0	0	0	7	1	0	12	0	0	4	0	0	0	0	0	0	4	0	0	2	0	43	634	34	162	0	0	0	0	0	4	6	0	4	0	1	5	0	0	0	0	0	0	0	3	29	0	17	0	0	0	0	6	5	0	9	0	0	0	0	0	3	0	0	14	0
3	0	8	0	0	0	0	0	0	0	2	18	5	0	13	0	1	0	3	0	0	0	0	2	9	0	0	34	13	27	0	0	9	0	17	0	0	0	0	0	7	0	0	0	0	0	5	5	143	34	637	35	0	22	0	0	0	0	0	0	0	0	0	0	1	0	0	5	0	20	0	0	0	7	0	0	5	0	0	0	0	0	0	9	5	1	0	10	0	0	6	0	0
0	8	0	3	0	0	0	7	0	0	0	0	0	1	0	3	0	3	0	6	7	8	6	0	0	21	43	0	0	0	3	5	0	0	0	20	0	0	0	0	0	0	0	0	0	0	0	0	34	162	35	492	0	0	0	2	0	0	0	1	0	0	4	6	0	0	7	0	0	0	5	7	3	0	12	0	0	0	0	9	1	0	10	0	0	0	0	0	10	0	0	0	0
0	1	0	9	0	0	0	0	0	3	0	0	0	0	0	0	0	0	0	0	0	1	4	0	0	0	0	0	0	0	0	4	0	0	0	4	1	0	0	0	0	0	4	1	0	1	0	0	0	0	0	0	583	44	156	216	0	1	16	2	0	8	5	8	0	0	10	0	0	0	0	1	0	0	0	3	0	0	0	0	1	0	1	0	0	0	0	0	26	0	0	0	0
9	0	4	0	0	2	9	0	0	0	5	9	18	0	4	0	8	0	5	0	0	0	0	8	11	0	0	2	0	4	0	0	0	0	13	0	0	6	0	12	0	8	0	0	4	0	14	8	4	0	22	0	44	616	28	42	0	0	0	0	0	0	1	0	31	6	0	12	3	6	0	0	0	16	0	0	0	1	7	0	0	0	0	10	6	2	13	18	0	14	3	0	10
0	3	0	0	0	0	0	1	0	6	0	0	0	0	0	0	0	0	0	1	0	0	0	0	0	0	6	0	0	1	0	0	0	3	0	0	0	0	0	0	0	0	3	1	0	0	0	0	0	0	0	0	156	28	575	146	3	1	4	7	0	0	0	1	0	0	1	0	0	0	0	0	0	0	0	0	0	0	0	7	0	0	2	0	0	1	0	0	4	0	0	0	0
0	2	0	0	0	0	0	0	0	5	0	0	0	0	0	4	0	0	0	0	0	0	0	0	0	0	1	0	0	0	0	2	1	3	0	11	4	0	0	0	0	0	0	0	0	0	1	0	0	0	0	2	216	42	146	606	0	1	4	0	5	1	0	1	0	0	13	0	0	0	1	0	0	0	0	0	0	0	0	9	0	0	0	0	0	1	0	1	3	0	0	0	0
0	5	0	0	0	0	0	0	4	0	0	0	0	9	0	8	0	3	0	0	7	0	0	0	0	0	3	0	0	0	0	1	1	0	0	16	20	0	1	0	0	0	0	1	0	0	2	0	0	0	0	0	0	0	3	0	595	120	138	204	1	0	0	1	0	0	0	0	0	0	0	0	0	0	4	3	0	0	0	0	7	0	0	0	0	0	0	0	0	0	0	1	0
0	1	0	8	0	0	0	0	5	0	0	0	0	7	1	0	0	2	1	2	1	1	0	0	0	0	0	0	0	1	0	1	1	4	0	4	20	1	0	2	0	0	0	13	0	0	0	1	0	4	0	0	1	0	1	1	120	694	105	126	0	4	0	8	0	0	0	0	0	0	0	0	0	0	0	0	0	0	0	5	6	0	0	0	1	1	0	0	3	0	0	4	0
0	6	0	0	0	0	1	0	2	0	0	0	0	2	0	14	0	1	0	0	12	5	1	1	1	1	2	0	0	0	0	0	0	0	0	21	5	0	0	0	1	1	1	0	0	0	0	0	0	6	0	0	16	0	4	4	138	105	603	137	0	9	7	13	0	0	1	0	0	0	1	0	1	0	1	1	0	0	0	1	0	0	2	0	0	1	0	0	3	0	0	0	1
0	1	0	2	0	1	0	6	0	4	0	0	0	1	1	0	0	3	1	0	0	0	0	0	1	4	1	0	0	0	0	0	0	1	1	6	8	3	2	0	0	1	0	4	0	0	1	0	1	0	0	1	2	0	7	0	204	126	137	590	7	0	0	10	0	0	0	0	0	1	0	0	1	0	0	4	0	0	1	2	9	0	0	0	0	0	0	0	0	0	0	0	0
0	7	0	0	0	0	0	8	3	0	3	0	0	0	0	3	0	0	0	4	2	1	0	0	0	1	12	0	0	0	10	6	0	2	1	0	1	0	0	0	0	0	0	0	0	0	0	0	0	4	0	0	0	0	0	5	1	0	0	7	677	175	301	9	0	0	1	1	0	0	0	1	10	0	11	0	0	0	0	4	1	1	11	0	0	0	0	0	11	0	0	7	1
0	1	0	8	0	0	0	5	1	4	0	1	0	0	0	1	0	1	1	0	1	0	0	0	0	0	0	0	1	0	5	8	1	4	1	0	6	0	0	0	0	0	4	0	0	0	1	0	0	0	0	0	8	0	0	1	0	4	9	0	175	729	168	0	0	0	1	0	0	0	5	0	17	0	8	11	0	1	1	0	1	0	0	1	1	0	0	0	0	0	0	0	0
2	3	0	0	0	1	0	0	6	2	0	0	0	1	0	1	0	16	0	0	5	1	0	0	0	0	1	0	0	0	1	14	0	0	1	2	0	0	0	1	0	0	8	7	0	0	0	0	0	1	0	4	5	1	0	0	0	0	7	0	301	168	778	4	0	0	18	0	0	0	2	0	0	1	5	0	0	0	0	1	7	0	3	0	0	1	0	0	0	0	0	10	0
0	16	0	16	0	0	0	7	5	5	0	0	0	0	0	1	1	11	0	8	4	0	5	0	0	6	0	0	0	0	15	0	0	0	0	15	4	0	1	0	0	0	4	9	1	0	0	0	0	5	0	6	8	0	1	1	1	8	13	10	9	0	4	678	29	46	12	0	0	0	5	0	6	0	3	11	0	0	0	9	2	0	1	0	0	1	0	0	27	0	0	4	0
0	0	1	0	0	4	0	0	0	0	4	0	1	0	10	0	0	0	0	0	0	0	0	0	6	0	0	1	2	0	0	0	3	0	0	0	0	6	7	6	4	1	1	0	0	10	6	0	0	0	1	0	0	31	0	0	0	0	0	0	0	0	0	29	526	153	0	5	10	0	0	0	0	3	0	0	0	1	2	0	0	0	0	0	1	13	0	0	0	0	0	0	7
0	0	0	0	17	5	14	0	0	0	3	7	13	0	2	0	0	0	0	0	0	0	0	2	2	0	0	4	5	0	0	0	3	0	6	0	0	4	2	0	1	4	0	0	5	0	0	7	1	0	0	0	0	6	0	0	0	0	0	0	0	0	0	46	153	636	0	1	0	0	0	0	0	9	0	0	5	2	4	0	0	0	0	0	1	2	0	4	0	0	4	1	2
0	21	0	17	0	0	0	9	7	2	0	0	0	9	0	0	0	1	0	1	0	0	1	0	0	7	0	0	0	0	0	14	0	0	0	2	7	0	0	0	0	0	7	17	0	0	0	0	0	0	0	7	10	0	1	13	0	0	1	0	1	1	18	12	0	0	679	33	74	0	6	2	7	0	0	18	0	0	0	4	9	0	14	0	1	0	0	0	13	0	0	1	1
0	0	14	0	9	3	4	0	1	0	5	0	0	0	6	0	5	0	2	0	0	0	1	11	0	0	0	1	0	6	0	0	0	0	0	0	0	6	8	5	1	5	0	0	4	1	0	0	0	0	5	0	0	12	0	0	0	0	0	0	1	0	0	0	5	1	33	735	197	7	0	0	0	6	0	0	5	7	4	0	0	16	0	9	7	3	0	0	0	8	7	0	8
0	0	8	0	3	1	1	0	0	0	15	4	0	0	0	0	0	0	5	0	0	0	0	1	0	0	0	0	7	4	0	0	8	0	10	1	0	0	0	9	6	2	0	0	0	7	4	0	5	0	0	0	0	3	0	0	0	0	0	0	0	0	0	0	10	0	74	197	722	6	0	0	0	0	0	0	7	7	4	0	0	0	0	4	4	1	5	0	0	0	0	0	0
10	0	0	0	1	0	8	0	0	0	15	25	5	0	6	0	0	0	0	0	0	0	0	12	9	0	0	27	9	10	0	0	3	0	28	0	0	0	0	7	3	2	0	0	0	5	1	2	14	0	20	0	0	6	0	0	0	0	0	1	0	0	0	0	0	0	0	7	6	640	57	59	0	6	0	0	0	0	13	0	0	0	0	12	8	0	6	18	0	4	9	0	14
0	18	0	0	0	0	0	0	0	12	0	0	0	4	0	0	0	0	0	6	9	0	5	0	0	2	1	0	0	0	0	6	0	1	0	0	1	0	0	0	0	0	0	1	0	0	0	0	0	0	0	5	0	0	0	1	0	0	1	0	0	5	2	5	0	0	6	0	0	57	710	185	0	0	0	4	0	0	0	0	0	0	5	0	0	0	0	0	14	0	0	1	0
0	6	0	0	0	0	0	8	3	0	0	0	0	1	0	1	0	0	0	0	0	0	0	0	0	2	12	0	0	0	0	7	0	1	0	5	0	0	0	0	0	0	0	3	0	0	0	0	0	3	0	7	1	0	0	0	0	0	0	0	1	0	0	0	0	0	2	0	0	59	185	615	1	0	6	0	0	0	0	2	1	0	4	0	0	0	0	0	5	0	0	0	0
0	0	0	10	0	0	0	15	8	4	0	0	0	14	0	12	0	0	1	1	22	2	0	0	0	1	11	0	0	0	7	34	0	8	0	6	0	0	0	0	0	0	8	6	0	0	0	0	0	29	0	3	0	0	0	0	0	0	1	1	10	17	0	6	0	0	7	0	0	0	0	1	531	42	244	0	0	0	0	0	0	0	1	0	1	0	0	0	4	0	0	7	0
1	0	10	0	0	0	11	0	0	0	31	45	26	0	0	0	5	0	8	0	0	0	0	9	13	0	0	4	12	6	0	0	17	0	34	0	0	11	15	3	5	16	0	0	0	7	1	5	21	0	7	0	0	16	0	0	0	0	0	0	0	0	1	0	3	9	0	6	0	6	0	0	42	668	44	0	14	0	8	0	0	1	0	11	1	12	1	3	0	17	22	0	1
0	24	0	1	0	0	0	7	7	26	0	0	0	0	0	25	0	12	0	0	0	1	2	0	0	6	11	0	0	0	6	9	0	9	0	9	16	0	0	0	0	0	11	3	1	0	0	0	0	17	0	12	0	0	0	0	4	0	1	0	11	8	5	3	0	0	0	0	0	0	0	6	244	44	653	1	0	0	0	0	1	0	0	1	0	0	0	0	3	0	0	4	0
1	24	0	16	0	0	0	1	6	18	0	0	0	6	0	4	0	13	0	1	0	6	3	0	0	2	8	0	0	0	1	0	0	0	0	1	2	0	0	0	0	0	8	7	1	0	1	2	0	0	0	0	3	0	0	0	3	0	1	4	0	11	0	11	0	0	18	0	0	0	4	0	0	0	1	663	45	58	0	2	14	0	0	0	1	7	0	0	18	0	0	0	0
0	0	8	0	4	5	3	0	0	0	0	7	2	0	0	0	0	0	9	0	0	0	0	0	0	0	0	0	0	10	1	0	3	0	6	0	0	3	1	0	3	0	0	0	2	0	0	0	7	0	5	0	0	0	0	0	0	0	0	0	0	0	0	0	0	5	0	5	7	0	0	0	0	14	0	45	779	190	7	0	0	3	0	0	0	6	4	0	0	3	3	0	6
10	0	0	0	1	4	11	0	0	0	12	14	4	0	0	0	1	0	0	0	0	0	0	2	1	0	0	0	0	0	0	0	0	0	0	0	0	0	3	6	6	0	0	0	2	0	0	0	0	0	0	0	0	1	0	0	0	0	0	0	0	1	0	0	1	2	0	7	7	0	0	0	0	0	0	58	190	650	0	0	0	18	0	3	1	1	6	1	0	0	0	0	0
13	0	0	0	3	9	10	0	0	0	4	8	5	0	2	0	12	0	0	0	0	0	0	9	0	0	0	0	1	0	0	0	5	0	5	0	0	0	3	2	5	23	0	0	4	6	11	1	9	0	0	0	0	7	0	0	0	0	0	1	0	1	0	0	2	4	0	4	4	13	0	0	0	8	0	0	7	0	872	73	0	6	0	9	6	13	11	0	0	0	1	0	16
0	13	0	17	0	0	0	1	5	19	0	0	0	4	0	0	0	0	0	7	6	6	0	0	0	0	0	0	0	0	3	0	0	0	0	0	0	0	0	0	0	1	14	27	0	0	0	0	0	6	0	9	0	0	7	9	0	5	1	2	4	0	1	9	0	0	4	0	0	0	0	2	0	0	0	2	0	0	73	917	2	0	4	0	0	0	0	0	15	0	0	0	0
0	0	0	21	0	0	0	6	7	0	0	0	0	6	0	4	0	0	0	11	1	5	0	0	0	0	0	0	0	0	6	19	0	5	0	0	4	0	0	0	0	0	4	0	0	1	0	0	0	5	0	1	1	0	0	0	7	6	0	9	1	1	7	2	0	0	9	0	0	0	0	1	0	0	1	14	0	0	0	2	719	79	6	0	0	0	0	0	11	0	0	2	0
1	0	1	0	3	6	0	0	0	0	2	8	7	0	5	0	9	0	0	0	0	0	0	11	3	0	0	5	6	3	0	0	8	0	19	0	0	0	2	0	8	1	0	0	0	5	1	0	13	0	0	0	0	0	0	0	0	0	0	0	1	0	0	0	0	0	0	16	0	0	0	0	0	1	0	0	3	18	6	0	79	754	0	0	1	1	2	8	0	0	0	0	6
0	7	0	0	0	0	0	14	4	4	0	0	0	4	0	4	0	0	0	4	0	6	2	0	0	17	3	0	0	0	13	0	0	5	0	10	6	0	0	0	0	0	0	2	0	0	0	0	0	9	0	10	1	0	2	0	0	0	2	0	11	0	3	1	0	0	14	0	0	0	5	4	1	0	0	0	0	0	0	4	6	0	944	56	0	0	0	0	8	0	0	2	0
0	0	0	0	0	0	0	0	0	0	0	8	0	0	11	0	5	0	0	0	0	0	0	18	16	0	0	6	4	6	0	0	3	0	1	0	0	0	12	4	0	0	0	0	2	0	0	6	0	0	9	0	0	10	0	0	0	0	0	0	0	1	0	0	0	0	0	9	4	12	0	0	0	11	1	0	0	3	9	0	0	0	56	898	5	5	10	1	0	0	15	0	0
6	2	3	0	5	3	0	0	0	0	11	14	0	0	6	0	11	0	2	0	0	0	0	0	0	0	0	1	0	0	1	0	4	0	9	0	0	8	0	1	2	6	0	0	0	4	6	0	0	0	5	0	0	6	0	0	0	1	0	0	0	1	0	0	1	1	1	7	4	8	0	0	1	1	0	1	0	1	6	0	0	1	0	5	755	299	0	17	0	6	2	0	0
15	0	1	0	5	8	8	0	0	0	13	3	0	0	0	1	4	0	11	0	0	0	0	4	0	0	0	4	0	3	0	0	0	0	0	1	0	5	1	4	5	4	0	0	9	6	4	5	0	0	1	0	0	2	1	1	0	1	1	0	0	0	1	1	13	2	0	3	1	0	0	0	0	12	0	7	6	1	13	0	0	1	0	5	299	892	0	0	0	0	1	0	3
0	0	5	0	0	0	12	0	0	0	4	0	0	0	0	0	1	0	0	0	0	0	0	6	0	0	0	11	0	0	0	1	0	0	6	0	0	0	6	1	0	7	0	0	2	2	5	12	0	0	0	0	0	13	0	0	0	0	0	0	0	0	0	0	0	0	0	0	5	6	0	0	0	1	0	0	4	6	11	0	0	2	0	10	0	0	563	168	35	181	0	0	0
10	0	0	0	0	0	0	0	0	0	7	0	12	0	13	0	18	0	3	0	0	0	0	0	2	0	0	3	6	9	0	1	9	0	3	0	0	0	1	0	8	15	0	0	0	1	5	16	7	0	10	0	0	18	0	1	0	0	0	0	0	0	0	0	0	4	0	0	0	18	0	0	0	3	0	0	0	1	0	0	0	8	0	1	17	0	168	594	31	201	0	0	5
0	13	0	9	0	0	0	0	25	1	0	0	0	7	0	10	0	0	0	6	17	1	16	0	0	6	6	0	0	0	3	24	0	8	0	11	5	0	0	0	0	0	21	6	0	0	1	1	0	3	0	10	26	0	4	3	0	3	3	0	11	0	0	27	0	0	13	0	0	0	14	5	4	0	3	18	0	0	0	15	11	0	8	0	0	0	35	31	641	41	0	0	1
0	0	0	0	1	0	0	0	0	0	2	0	1	0	1	0	0	0	0	0	0	0	0	1	0	0	0	10	0	0	0	0	8	0	7	0	0	0	0	2	7	0	0	0	3	2	5	1	2	0	0	0	0	14	0	0	0	0	0	0	0	0	0	0	0	0	0	8	0	4	0	0	0	17	0	0	3	0	0	0	0	0	0	0	6	0	181	201	41	592	4	0	0
1	0	5	0	0	10	5	0	0	0	14	17	16	0	12	0	12	0	9	0	0	0	0	5	0	1	0	10	2	9	0	0	8	0	7	0	0	12	8	10	16	0	0	0	0	4	0	6	19	0	6	0	0	3	0	0	0	0	0	0	0	0	0	0	0	4	0	7	0	9	0	0	0	22	0	0	3	0	1	0	0	0	0	15	2	1	0	0	0	4	928	72	0
0	13	0	0	0	0	0	0	7	14	0	0	0	14	1	18	0	14	0	13	10	5	0	0	0	0	17	0	0	0	0	7	0	4	0	0	9	0	0	0	0	0	1	9	0	0	0	0	0	14	0	0	0	0	0	0	1	4	0	0	7	0	10	4	0	1	1	0	0	0	1	0	7	0	4	0	0	0	0	0	2	0	2	0	0	0	0	0	0	0	72	679	0
0	1	0	0	0	0	0	0	0	0	9	1	1	0	0	0	0	0	0	0	0	0	0	0	4	0	0	0	1	0	0	0	4	0	1	0	0	2	1	0	0	7	1	0	12	2	1	0	9	0	0	0	0	10	0	0	0	0	1	0	1	0	0	0	7	2	1	8	0	14	0	0	0	1	0	0	6	0	16	0	0	6	0	0	0	3	0	5	1	0	0	0	1122
